{"cameraMode":{"drawMode":1,"name":"Wireframe","section":"Shading Mode"},"sceneLighting":true,"audioPlay":false,"sceneViewState":{"showFog":true,"showMaterialUpdate":false,"showSkybox":true,"showFlares":true,"showImageEffects":true,"showParticleSystems":true},"in2DMode":false,"pivot":{"x":10.979659080505371,"y":4.559324264526367,"z":5.1913604736328129},"rotation":{"x":0.07700788974761963,"y":0.9219657778739929,"z":-0.24477925896644593,"w":0.29005536437034609},"size":5.4044599533081059,"orthographic":false}